,MSE,MAE,RMSE
ARIMA,9.3029652791652e-05,0.007700131529839071,0.009645188064089368
GARCH,9.590740940703899e-05,0.007780663646941012,0.00979323283737495
XGB,9.930051451643521e-05,0.007931122229334368,0.009964964350986672
